Optimization Area,Current Performance,Target Performance,Improvement Strategy,Implementation Priority,Expected Impact
Homepage CTA,3% conversion,5% conversion,Improve CTA placement and design,High,67% increase in leads
Service Page CTAs,4.5% conversion,6% conversion,Add service-specific CTAs,High,33% increase in leads
Location Page CTAs,4% conversion,5% conversion,Add location-specific CTAs,High,25% increase in leads
Pricing Page CTA,6% conversion,8% conversion,Improve pricing transparency,High,33% increase in leads
Contact Form,5% conversion,7% conversion,Simplify form fields,Medium,40% increase in leads
FAQ Page CTA,2% conversion,3% conversion,Add FAQ to contact flow,Medium,50% increase in leads
Blog Post CTAs,2% conversion,3% conversion,Improve blog to service linking,Medium,50% increase in leads
Case Study CTAs,3% conversion,4% conversion,Add more case studies,Medium,33% increase in leads
Testimonials CTA,1% conversion,2% conversion,Add more testimonials,Low,100% increase in leads
Resource Page CTAs,2% conversion,3% conversion,Improve resource to service linking,Low,50% increase in leads
Form Optimization,Current forms,Simplified forms,Reduce form fields,High,30% increase in conversions
Lead Nurturing,Current follow-up,Automated follow-up,Implement email sequences,High,50% increase in conversions
Mobile Optimization,Current mobile,Optimized mobile,Improve mobile experience,High,25% increase in conversions
Page Speed,Current speed,Optimized speed,Improve loading times,Medium,20% increase in conversions
Schema Markup,Basic schema,Enhanced schema,Add rich snippets,Medium,15% increase in CTR
Local SEO,Basic local SEO,Enhanced local SEO,Improve local presence,High,30% increase in local leads
