Competitor,Market,URL,Position,Title,Description,Services,Pricing Model,Key Differentiators,Content Strategy,Schema Types,Local Presence
Perrys Accountants,Kent,https://perrysaccountants.co.uk/,1,Chartered Accountants in London & Kent,Perrys Chartered Accountants in London and Kent offer a full range of accountancy services and tax advice for businesses and individuals,"Accounting, Tax, Audit, Property, R&D, CIS, Wills & Probate, Legal",Premium,"Multi-branch presence (7 locations), Specialized sectors (Property, Hospitality, Legal), ICAEW/ACCA certified",Blog posts, news updates, sector-specific content,"Organization, LocalBusiness, Service",7 branches across Kent + London
Cannytax,Kent,https://www.cannytax.co.uk/accounting-firm-kent/,2,Trusted Accounting Firm Kent | All Accoutancy Solutions,"As a professional Accountants in Kent, our services combine a client-centered approach with in-depth expertise in bookkeeping, accounting and taxes","Company Accounts, Bookkeeping, Payroll, Company Formation, Corporation Tax, Personal Tax, VAT Returns, CIS Returns, Self Assessment",Competitive,"24/7 support, Industry-specific solutions (Healthcare, Retail, Construction, IT, Real Estate, Logistics), MTD compliance",FAQ section, industry case studies, free consultation offers,"Organization, LocalBusiness, Service",Single location Romney Marsh
Friend & Grant,Kent,https://www.friendandgrant.co.uk/,3,Accountants & Tax Specialists Kent,Friendly, forward thinking firm of accountants based in Rochester Kent providing accounting services to help you save tax and build wealth,"Accounting, Tax Planning, Business Advisory, Wealth Building",Mid-market,"Rochester-based, Friendly approach, Forward-thinking, Tax savings focus",Local business focus, tax planning content,"Organization, LocalBusiness",Rochester Kent
AccountantsUp,Kent,https://www.accountantsup.co.uk/kent,4,10 Best Accountants in Kent for 2025,Quickly connect with the top chartered accounting and bookkeeping firms serving Kent. Read reviews and get free no obligation estimates,"Directory Service, Reviews, Estimates",Lead Generation,"Directory platform, Reviews-based, Free estimates",Directory listings, review aggregation,"Organization, Review, AggregateRating",Kent-wide coverage
Kreston Reeves,Kent,https://www.krestonreeves.com/accountants-in-kent/,5,Accountants and Wealth advisors in Kent,Kreston Reeves provides a comprehensive range of accounting services in Kent, including Audit and assurance, tax planning and Compliance, Business advisory,"Audit, Assurance, Tax Planning, Compliance, Business Advisory, Wealth Management",Premium,"Large firm, Wealth management, Comprehensive services, Audit specialization",Professional content, wealth management focus,"Organization, LocalBusiness, Service",Kent-wide
AJ Accounting Services,Kent,https://www.ajaccountingservices.co.uk/,6,Home | AJ Accounting Services | Accountants Kent,AJ Accounting Services is an established firm of accountants and business advisors that offer a wide range of accounting and financial services,"Accounting, Financial Services, Business Advisory",Mid-market,"Established firm, Business advisory focus",Business advisory content,"Organization, LocalBusiness",Kent
Bradleys Accountants,Kent,https://bradleysaccountants.co.uk/,7,Bradleys Accountants: Accountants in Welling Kent,Bradleys Accountants offers a range of professional accounting services to SMEs, startups and CIS contractors. Work with Xero-certified accountants in Kent,"SME Accounting, Startup Services, CIS Contractors, Xero Certification",Mid-market,"Xero-certified, SME/startup focus, CIS specialization",Xero-focused content, SME resources,"Organization, LocalBusiness, Service",Welling Kent
UHY Hacker Young,Kent,https://www.uhy-uk.com/location/sittingbourne,8,Accountants in Kent | Sittingbourne - UHY Hacker Young,Our Sittingbourne office is one of the top firms of chartered accountants in Kent. The five-partner practice can trace its history back more than 150 years,"Chartered Accountancy, Audit, Tax, Business Advisory",Premium,"150+ year history, Large firm, Sittingbourne office",Professional content, historical credibility,"Organization, LocalBusiness",Sittingbourne Kent
Naylor Accountancy,Kent,https://www.nayloraccountancy.com/,9,Accountants and Business Advisors | Xero and QuickBooks Experts,Accounting services London, Kent, East Sussex, West Sussex, Surrey and Hampshire · Your shortcut to success · Meetings – Online or In Person,"Xero, QuickBooks, Online/In-person meetings, Multi-region coverage",Mid-market,"Xero/QuickBooks experts, Online meetings, Multi-region",Software-focused content, online meeting emphasis,"Organization, LocalBusiness, Service",Multi-region (Kent, Sussex, Surrey, Hampshire)
ML Accounting Services,Kent,https://mlaccounts.co.uk/,10,ML Accounting Services Ltd | Medway Kent | Chartered Tax,We are accountants based in Medway, Kent. Experienced in a wide range of complex circumstances, we can advise on tax saving strategies,"Chartered Tax, Complex Tax Situations, Tax Saving Strategies",Mid-market,"Medway-based, Complex tax expertise, Tax saving focus",Tax-focused content, complex situation expertise,"Organization, LocalBusiness, Service",Medway Kent
The Accountant,Dubai,https://theaccountant.ae/,1,Accounting Services in Dubai | Trusted Bookkeeping & VAT Experts,Looking for trusted accounting services in Dubai or anywhere in the UAE? We offer expert bookkeeping, VAT registration, payroll, and CFO solutions for SMEs,"Bookkeeping, VAT Registration, Payroll, CFO Solutions, Corporate Tax, Cloud Accounting",Competitive,"Xero-certified, Cloud-based, FTA-approved, SME focus, Free consultation",Blog with case studies, free consultation offers, cloud accounting focus,"Organization, LocalBusiness, Service",Dubai UAE
KBA Accounting,Dubai,https://www.kbame.com/,2,Accounting Services in Dubai | Bookkeeping | Accounting Firms in Dubai UAE,KBA Certified professional chartered Accountants provides Bookkeeping and Accounting services in Dubai & one of the prominent Accounting firms in Dubai UAE,"VAT Consultancy, Tax Agent, Accounting, Bookkeeping, CFO Services, Internal Audit, Outsourcing",Premium,"FTA Certified, Multiple awards, Industry expertise, Professional team",Award showcases, industry-specific content, professional testimonials,"Organization, LocalBusiness, Service",Dubai UAE
A&A Associate,Dubai,https://www.aaconsultancy.ae/accounting-services-in-dubai/,3,Accounting Services in Dubai - A&A Associate,We offer several key services for businesses in the UAE, including: VAT Consultancy, TAX Services, Bookkeeping, Financial Services, Management,"VAT Consultancy, Tax Services, Bookkeeping, Financial Services, Management",Mid-market,"UAE-focused, Comprehensive services",UAE-specific content,"Organization, LocalBusiness",Dubai UAE
ONCOUNT,Dubai,https://oncount.com/,4,Outsource Accounting & Bookkeeping Services Firm in Dubai UAE,ONCOUNT is a licensed accounting firm in Dubai providing expert accounting services in Dubai and bookkeeping services across UAE. We outsource comprehensive,"Outsourcing, Accounting, Bookkeeping, Licensed firm",Competitive,"Licensed firm, Outsourcing focus, UAE-wide coverage",Outsourcing-focused content,"Organization, LocalBusiness, Service",Dubai UAE
Excellence Accounting,Dubai,https://www.easmea.com/,5,Accounting Services in Dubai | VAT and Corporate Tax Experts,Excellence Accounting Services offers professional accounting services in Dubai: VAT, corporate tax, payroll, & bookkeeping solutions. Top Accountants in,"VAT, Corporate Tax, Payroll, Bookkeeping",Mid-market,"VAT and Corporate Tax expertise",Tax-focused content,"Organization, LocalBusiness, Service",Dubai UAE
Jitendra Chartered Accountants,Dubai,https://jcauaeaudit.com/,6,Best Accounting & Auditing Firms | Tax Accounting & Auditing,Jitendra Chartered Accountants is one of the leading Accounting & Auditing Firms in Dubai, UAE. We also offer Tax Accounting & Auditing services in Abu,"Accounting, Auditing, Tax Accounting, Abu Dhabi coverage",Premium,"Leading firm, Abu Dhabi coverage, Auditing specialization",Professional content, auditing focus,"Organization, LocalBusiness, Service",Dubai + Abu Dhabi UAE
Excellent Accountants,Dubai,https://www.excellentaccountants.ae/,7,Excellent Accountants: Your Trusted Accounting Firm in Dubai UAE,A leading accounting firm in Dubai and the UAE with 7+ years of experience, offers tailored services like bookkeeping, VAT compliance, auditing, payroll, and,"Bookkeeping, VAT Compliance, Auditing, Payroll, Tailored Services",Mid-market,"7+ years experience, Tailored services",Experience-focused content,"Organization, LocalBusiness, Service",Dubai UAE
CTC Tax & Accounting,Dubai,https://ctconsultancyuae.com/accounting-services/,9,Accounting Services in Dubai UAE | CTC Tax & Accounting,Our accountants will pass all entries through an accounting software including: sales invoices, expenses, salaries, depreciations, prepayments, inventory,"Accounting Software, Sales Invoices, Expenses, Salaries, Depreciations",Mid-market,"Software-focused, Comprehensive entry processing",Software-focused content,"Organization, LocalBusiness, Service",Dubai UAE
KGRN Audit,Dubai,https://kgrnaudit.com/,10,Audit Firms in Dubai UAE | Accounting Services in Dubai,KGRN Accountant Firm, Dubai UAE provides audit, accounting, company formation, vat, tax, payroll services in UAE. We are approved auditors in JAFZA & DAFZA,"Audit, Accounting, Company Formation, VAT, Tax, Payroll, JAFZA/DAFZA approved",Premium,"JAFZA/DAFZA approved, Free zone expertise",Free zone-focused content,"Organization, LocalBusiness, Service",Dubai UAE (JAFZA/DAFZA)
